"path","sha256"
".zenodo.json","bfe1e65f4500a41a6a0a4f69fcb5e22103d7aa00082fb02f103fadbbaf7219a6"
"ASSET-PROVENANCE.md","586ba8922fc6bf7ebb96df02ad290b8a13d9c056697b651c4bb939ffe949f2df"
"CHANGELOG.md","f132d83b58e3713c0bcf09d03f76483d3a0c993c6310972a9ce50c03e0f8a15a"
"CITATION.cff","724e9d8ac9803152026ebd75fb49a14d6787b6fed5e6989c7d6b2de80a3fc9f5"
"LICENSE.md","90b8273e6a7be4efa541f65cbe4dfcd4c5fcc8d4ca94aa195be92b5aeadb0606"
"README.md","5d1c1740f386e72dfabedecc53b29b01c4ac737ce5569bc25d2a8611f7ad54d4"
"site/.htaccess","6b766adfee9b56e98abcb9b6d632b8cf8da42a5272f26e5ee609d0b20f8222c6"
"site/404.html","4228cc15709a5a76c0a264ef2439b7e12b707a19e39fc30d439701d21e4cf78f"
"site/about/index.html","593958820b0a2303aa8f5b802f33cb85b8eaf48a340b936018803769f01df8ef"
"site/assets/analytics.js","3c30c45c63703ae6c6e5cf65c4d2e3c498e9d11bab9aad41fe77c019133dc067"
"site/assets/config.js","80d30904e4d46d34fa641a349e01e80d70769b752efa43cc96206278666882fc"
"site/assets/favicon-ew2r3-v1.png","0de41614947e8b9620cbb2e5f8374be7a46dcacd402a08eafe780c1399dc0060"
"site/assets/og-cover.png","bcf65ca65eb0009a8760f922b6d1961ee67793bf58f0a86da322ac81ee854368"
"site/assets/og-cover-source.html","5397c119f82b4f8be216748d47c09662b7a8658eff840d53cac0aff9cf61b06b"
"site/assets/page-head.html","db39b50ceb37865784728dcf5372a4072df9fc829f13c02556d5fba82f51b13e"
"site/assets/page-shell.js","ad0c20fe368fcf0c42588d8c71ff8fdac1c35c340e23dcb6856a2b4472b0e8af"
"site/assets/rwa-logo-construction.png","5b895ac92741d663c0df99266e66d12ce55cb08141bf8c2fbd182280b1fee172"
"site/assets/rwa-logo-design.png","c2723531f065e7cdfaad0173bbe81998d424da659f3aaae7002c44541498cdfd"
"site/assets/rwa-logo-development.png","ea42579d235e2ab3920de163da5258bbe27b5a048508e086dd299ee50459206e"
"site/assets/rwa-logo-full.jpg","798d5b2c24ebca65bcfb22ee5f2343945ec5e83834d6fdbba6a43c5420eb1583"
"site/assets/rwa-logo-supply.png","7478eb0024cd9a99815081d04c551f2fc3244bca0fafbab60e951128ad4af217"
"site/assets/site.css","cf147ed9aaa3658f723ea56cdf0a22f285c6c251043130da58048e0a9bad044b"
"site/assets/site.js","81a41e5638c161355e938f381e10da771f4dea9fc6e6654109d09b5aa688d07c"
"site/contact/index.html","21395f5c8d27a67a77e54c91c9ea07e7a4820e9aecb99b2a2e754343b736fc79"
"site/faq/index.html","bae0561fa5a31a694d8f5d291f8f43ae6830dca494d10297505403db8a3ddff3"
"site/index.html","f6bfffd3e093f6e8b1ff170e8b4cded3e3ad84003f47ab322fc9d4bae504de0c"
"site/privacy/index.html","26a1bde9c4c316dba1434940c92da953f0fbd64080bff4bb547f2d46ce97fad2"
"site/RELEASE.md","55dab7970898d35b7227f1bd3d46a9b9ba71dbf8fbbaa5d55bafae9b6481bd26"
"site/research/index.html","6f2a322f4f57f1ee817316eadc7acce1d3999d86fe3aeba06222922591c1c582"
"site/robots.txt","c3a45da2cedf5ce8c75a87633daf584a5142e732090173b8b2e4dad8ac934e85"
"site/sitemap.xml","f62a44d8637d68f9f1630c6cad20b85fffe6c059129ea76c8cc979804caed561"
"site/support/index.html","1a342b9bca42313c715a67e51d58f9cfbcfba269d15b2430d6a4eb7d8483c05a"
"site/thanks/index.html","bd29b54433797b1e5e9a1757e7c0744f1e90a534b4e0543d8bcc62bfa6850e37"
"site/verify/index.html","1ad13447852ba7cb09d1f5b9f747d57e04bfd80e9aa2c02c2a9aad375d1e5343"
"tests/test_all_planet_moon_pairs.js","92a9bac5a3904992855832acab6858423ad90761eab6be985e0ab2626a7d0188"
"tests/test_analytics_contract.js","ee71118bf725233c75505cb4ca8a474170132233ce4625d418dfa5583a204619"
"tests/test_e_field_manual_zoom.js","4a2f9b61c4338bd0ea608f46fdb92259180453650dcc2a6c7b62549b02947bdf"
"tests/test_e_field_matrix.js","a61fb1cc3831234f332b4e0ddf9c9e472341628d2530078c455662216cfd16e4"
"tests/test_orbit_focus.js","88388c14a18272423fe4de24c2763cef5a1286930a6705a7129d927e3a758e69"
"tests/test_p0_body_categories.js","5adb3017bafe616eb1c366bd7279d7818e9afe78e679e344e24e5d17284bd83e"
"tests/test_p1_routes_languages.js","5a47b458ea3b8dc39980843089b878ed107432398ed0500111959b2c134f2e40"
"tests/test_real_scale_focus.js","9d87d67416a80d860a51667c576c7ff09832166787106e0805d98d72a474e7d8"
"tests/test_scale_cycle_field_layout.js","e5bb373f67f20851e6a018a0614015affda429f350993b6983163f7907bf459a"
"tests/test_staging_http_load.js","9d52a01dabb1c7cea003e9e6cec76adfab1e3cd6ef37096869fedd92ebb58f7a"
"tests/test_true_scale_and_card.js","e9f04915e6471afcce8ac1bf0c42b441d99cf24870d2a11ad36aabf8d6194862"
"tools/deploy_staging_site_only.sh","24d6175a21dc7dfd04a23eafc8b4cb3fe3ee7ab892cd9b55ae112b39e4d110b5"
"tools/test_analytics_contract.js","2dc8bdcd820626b146e5a61380de57226820d0b705e59b8e0b6128eab9ce0615"
"tools/test_p1_routes_languages.js","04316e101b16ce6ac424b2b8f33eb19d9495ac5c86b2d632bf82439b2d5437a1"
"TRADEMARKS.md","8657b26548d286dc8d4ba55129ced2a16ba65e6179880949cda50ce2181eaed6"
"VERSION","b0b5813e7156d4ad22becc185a387f84a901d471c07592ecd5d4cf48e601b60d"
"ZENODO.json","2b629796b4aa95d398737325380a8985ae57acc9a5dec4643f998b4989ff2f0c"
